IGN,Petsnack
My2ndMoXuan,Yes
My2ndDarkKn,Yes
My2ndAngelic,Yes
thanhbinh5,Yes
My2ndShade,Yes
My2ndSniper,Yes
My2ndRanger,Yes
My2ndHero,Yes
My2ndKhali,Yes
My2ndPaladin,Yes
My2ndMikhail,Yes
My2ndWA,Yes
My2ndPF,Yes
M2AMercedes,Yes
My2ndLumin,Yes
thanhbinh6,Yes
My3rdPhantom,Yes
My2ndKanna,
My2ndHayato,
thanhbinh15,
My2ndMech,
My2ndBlaster,
My3rdCadena,
My2ndBT,Yes
My2ndBishop,Yes
My2ndIL,Yes
My2ndFPMage,
My3rdCannon,
My2ndCorsair,
My2ndBucc,Yes
My2ndNL,Yes
My2ndShadow,Yes
My2ndDBlader,Yes
My2ndBW,
My2ndHoyoung,
My2ndNW,Yes
My2ndDW,Yes
Wild01Hunter,
My2ndXenon,Yes
My2ndDA,Yes
My2ndDS,
My2ndKain,
My3rdKaiser,
My2ndKine,
My2ndIllium,
My2ndArk,
