IGN,Cernium,Hotel Arcus,Odium,Shangri-La,Arteria,Carcion
My2ndDarkKn,11,6,4,2,,,
My2ndAngelic,3,,,,,
thanhbinh5,3,,,,,
My2ndShade,2,,,,
My2ndSniper,2,,,,
My2ndMikhail,
My2ndWA,
My2ndRanger,
My2ndPaladin,
My2ndHero,
My2ndKhali,
My2ndPF,
My2ndLumin,
My2ndHoyoung,
My2ndBW,
My2ndDW,
My2ndIL,
My2ndBishop,
My2ndFPMage,
My2ndBucc,
My3rdCannon,
My2ndCorsair,
My2ndNW,
My2ndNL,
thanhbinh6,
My3rdPhantom,
My2ndDA,
My2ndDS,
My2ndBlaster,
My2ndHayato,
My2ndLara,
My2ndBT,
My2ndZero,
My2ndStriker,
My2ndDBlader,
My2ndShadow,
My2ndArk,
My2ndAdele,
My2ndKine,
M2AMercedes,
My2ndKain,
My2ndIllium,
My3rdCadena,
My3rdKaiser,
Wild01Hunter,
thanhbinh15,
My2ndMech,
My2ndXenon,
My2ndKanna,
My2ndMoXuan,
